{"parent":"item/role","textures":{"vampire-infecte":"lg/overlays/vampire-infecte","maire":"lg/overlays/maire"},"__comment":"Automatically generated by leomelki","elements":[{"from":[-2,29,25],"to":[-2,32,28],"faces":{"east":{"uv":[0,0,16,16],"texture":"#role"},"west":{"uv":[0,0,16,16],"texture":"#role"}}},{"from":[-2.0,29.0,25.0],"to":[-2.0,32.0,28.0],"faces":{"east":{"uv":[0,0,16,16],"texture":"#maire"},"west":{"uv":[0,0,16,16],"texture":"#maire"}}},{"from":[-2.0,29.0,25.0],"to":[-2.0,32.0,28.0],"faces":{"east":{"uv":[0,0,16,16],"texture":"#vampire-infecte"},"west":{"uv":[0,0,16,16],"texture":"#vampire-infecte"}}}]}